None,indicator_id,region_id,date,value
11,ZALL,61637,2020-08-31,1136998.0
10,ZALL,61637,2020-09-30,1174442.0
9,ZALL,61637,2020-10-31,1138269.0
8,ZALL,61637,2020-11-30,1049421.0
7,ZALL,61637,2020-12-31,930893.0
6,ZALL,61637,2021-01-31,1011561.0
5,ZALL,61637,2021-02-28,1120821.0
4,ZALL,61637,2021-03-31,1096338.0
3,ZALL,61637,2021-04-30,1100727.0
2,ZALL,61637,2021-05-31,1086301.0
1,ZALL,61637,2021-06-30,1088716.0
0,ZALL,61637,2021-07-31,1088755.0
